team,matches_played,nineties,avg_age,possession_pct,goals,assists,yellow_cards,red_cards,shots,shots_on_target,shot_accuracy_pct,shots_per90,shots_on_target_per90,yellow_cards_check,red_cards_check,fouls_committed,fouls_drawn,offsides,crosses,interceptions,tackles_won,goals_against,shots_on_target_against,saves,save_pct,clean_sheets,clean_sheet_pct,confederation,stage_reached,stage_code,advanced_to_r32,quarterfinalist,host_team,yellow_cards_per90,fouls_per90,saves_per90,goals_against_per90,save_pct_recomputed,save_pct_difference_pp,save_pct_source_discrepancy,is_uefa
Algeria,4,4.0,27.3,61.0,5,3,3,0,44,15,34.1,11.0,3.75,3,0,29,40,4,40,30,44,9,17,8,47.1,0,0.0,CAF,Round of 32,2,1,0,0,0.75,7.25,2.0,2.25,47.05882352941176,-0.04117647058824048,0,0
Argentina,8,9.0,29.6,57.6,18,12,15,1,114,44,38.6,12.67,4.89,15,1,113,100,22,104,82,93,8,28,20,71.4,2,25.0,CONMEBOL,Final,7,1,1,0,1.6666666666666667,12.555555555555555,2.2222222222222223,0.8888888888888888,71.42857142857143,0.028571428571424917,0,0
Australia,4,4.3,25.3,41.0,2,1,5,0,42,12,28.6,9.69,2.77,5,0,46,38,1,70,29,34,3,17,14,82.4,2,50.0,AFC,Round of 32,2,1,0,0,1.1627906976744187,10.697674418604652,3.255813953488372,0.6976744186046512,82.35294117647058,-0.04705882352942581,0,0
Austria,4,4.0,28.8,45.0,5,4,5,0,32,8,25.0,8.0,2.0,5,0,47,28,11,59,41,29,9,22,13,59.1,0,0.0,UEFA,Round of 32,2,1,0,0,1.25,11.75,3.25,2.25,59.09090909090909,-0.009090909090907928,0,1
Belgium,6,6.3,29.2,51.2,13,10,6,1,112,34,30.4,17.68,5.37,6,1,78,68,8,114,50,47,7,23,16,69.6,1,16.7,UEFA,Quarter-finals,4,1,1,0,0.9523809523809524,12.380952380952381,2.5396825396825395,1.1111111111111112,69.56521739130434,-0.0347826086956502,0,1
Bosnia and Herzegovina,4,4.0,26.6,46.0,4,3,7,1,37,14,37.8,9.25,3.5,7,1,60,38,2,57,34,37,8,14,6,42.9,0,0.0,UEFA,Round of 32,2,1,0,0,1.75,15.0,1.5,2.0,42.857142857142854,-0.04285714285714448,0,1
Brazil,5,5.0,29.2,53.0,10,8,8,0,74,30,40.5,14.8,6.0,8,0,51,53,11,93,48,46,4,18,14,77.8,2,40.0,CONMEBOL,Round of 16,3,1,0,0,1.6,10.2,2.8,0.8,77.77777777777779,-0.022222222222211485,0,0
Cabo Verde,4,4.3,30.8,37.3,4,2,5,0,49,12,24.5,11.31,2.77,5,0,27,47,7,50,52,45,5,23,18,78.3,2,50.0,CAF,Round of 32,2,1,0,0,1.1627906976744187,6.279069767441861,4.186046511627907,1.1627906976744187,78.26086956521739,-0.03913043478260647,0,0
Canada,5,5.0,26.9,54.4,8,3,11,0,80,31,38.8,16.0,6.2,11,0,72,73,7,146,36,51,6,12,6,50.0,2,40.0,CONCACAF,Round of 16,3,1,0,1,2.2,14.4,1.2,1.2,50.0,0.0,0,0
Colombia,5,5.3,30.0,57.8,5,5,8,0,94,30,31.9,17.62,5.63,8,0,70,64,19,70,38,33,1,7,6,85.7,4,80.0,CONMEBOL,Round of 16,3,1,0,0,1.509433962264151,13.20754716981132,1.1320754716981132,0.18867924528301888,85.71428571428571,0.014285714285705353,0,0
Congo DR,4,4.0,28.8,40.0,5,3,6,0,41,9,22.0,10.25,2.25,6,0,44,45,9,57,22,41,5,19,14,73.7,0,0.0,CAF,Round of 32,2,1,0,0,1.5,11.0,3.5,1.25,73.68421052631578,-0.015789473684222344,0,0
Côte d'Ivoire,4,4.0,25.5,49.8,5,4,4,0,45,14,31.1,11.25,3.5,4,0,29,36,4,61,40,48,4,13,9,69.2,2,50.0,CAF,Round of 32,2,1,0,0,1.0,7.25,2.25,1.0,69.23076923076923,0.030769230769223554,0,0
Croatia,4,4.0,29.1,49.8,6,5,4,0,37,17,45.9,9.25,4.25,4,0,45,47,8,67,25,32,7,17,10,58.8,1,25.0,UEFA,Round of 32,2,1,0,0,1.0,11.25,2.5,1.75,58.82352941176471,0.023529411764712904,0,1
Curaçao,3,3.0,28.9,32.3,1,0,7,0,29,7,24.1,9.67,2.33,7,0,32,31,5,23,39,26,9,29,20,69.0,1,33.3,CONCACAF,Group stage,1,0,0,0,2.3333333333333335,10.666666666666666,6.666666666666667,3.0,68.96551724137932,-0.034482758620683285,0,0
Czechia,3,3.0,27.8,42.7,2,2,1,0,34,8,23.5,11.33,2.67,1,0,37,31,5,57,19,19,6,15,9,60.0,0,0.0,UEFA,Group stage,1,0,0,0,0.3333333333333333,12.333333333333334,3.0,2.0,60.0,0.0,0,1
Ecuador,4,4.0,26.8,55.8,2,2,8,1,53,20,37.7,13.25,5.0,8,1,49,38,2,83,38,49,4,13,9,69.2,1,25.0,CONMEBOL,Round of 32,2,1,0,0,2.0,12.25,2.25,1.0,69.23076923076923,0.030769230769223554,0,0
Egypt,5,5.3,29.3,51.4,8,8,12,0,67,18,26.9,12.56,3.38,12,0,59,67,4,82,44,54,7,19,12,63.2,0,0.0,CAF,Round of 16,3,1,0,0,2.2641509433962264,11.132075471698114,2.2641509433962264,1.3207547169811322,63.1578947368421,-0.0421052631579002,0,0
England,8,8.3,26.5,54.1,20,14,8,1,118,53,44.9,14.16,6.36,8,1,81,116,15,163,51,77,12,32,20,62.5,2,25.0,UEFA,Third-place match,6,1,1,0,0.9638554216867469,9.759036144578312,2.4096385542168672,1.4457831325301203,62.5,0.0,0,1
France,8,8.0,26.9,55.9,20,18,6,0,139,59,42.4,17.37,7.37,6,0,84,73,14,109,65,77,10,22,12,54.5,4,50.0,UEFA,Third-place match,6,1,1,0,0.75,10.5,1.5,1.25,54.54545454545454,0.04545454545453964,0,1
Germany,4,4.3,28.1,65.0,11,10,3,0,74,28,37.8,17.08,6.46,3,0,51,42,4,105,25,53,5,10,5,50.0,0,0.0,UEFA,Round of 32,2,1,0,0,0.6976744186046512,11.86046511627907,1.1627906976744187,1.1627906976744187,50.0,0.0,0,1
Ghana,4,4.0,27.4,36.3,2,1,6,0,24,4,16.7,6.0,1.0,6,0,56,47,8,48,31,40,3,19,16,84.2,2,50.0,CAF,Round of 32,2,1,0,0,1.5,14.0,4.0,0.75,84.21052631578947,0.010526315789462615,0,0
Haiti,3,3.0,28.6,42.7,1,1,7,0,31,7,22.6,10.33,2.33,7,0,55,44,7,37,29,28,8,19,11,57.9,0,0.0,CONCACAF,Group stage,1,0,0,0,2.3333333333333335,18.333333333333332,3.6666666666666665,2.6666666666666665,57.89473684210527,-0.005263157894731307,0,0
IR Iran,3,3.0,31.7,39.0,3,1,6,0,37,11,29.7,12.33,3.67,6,0,35,23,9,37,32,36,3,18,15,83.3,1,33.3,AFC,Group stage,1,0,0,0,2.0,11.666666666666666,5.0,1.0,83.33333333333334,0.03333333333334565,0,0
Iraq,3,3.0,26.4,38.3,1,1,4,1,21,2,9.5,7.0,0.67,4,1,27,31,1,28,23,35,12,23,11,47.8,0,0.0,AFC,Group stage,1,0,0,0,1.3333333333333333,9.0,3.6666666666666665,4.0,47.82608695652174,0.026086956521744753,0,0
Japan,4,4.0,27.5,46.3,8,7,4,0,34,13,38.2,8.5,3.25,4,0,55,30,4,57,19,32,5,17,12,70.6,1,25.0,AFC,Round of 32,2,1,0,0,1.0,13.75,3.0,1.25,70.58823529411765,-0.011764705882342241,0,0
Jordan,3,3.0,28.2,30.7,3,3,4,0,24,9,37.5,8.0,3.0,4,0,31,21,3,27,33,31,8,16,8,50.0,0,0.0,AFC,Group stage,1,0,0,0,1.3333333333333333,10.333333333333334,2.6666666666666665,2.6666666666666665,50.0,0.0,0,0
Korea Republic,3,3.0,28.2,63.0,2,2,4,0,32,11,34.4,10.67,3.67,4,0,25,31,8,54,20,23,3,12,9,75.0,0,0.0,AFC,Group stage,1,0,0,0,1.3333333333333333,8.333333333333334,3.0,1.0,75.0,0.0,0,0
Mexico,5,5.0,27.6,52.2,10,7,4,1,70,21,30.0,14.0,4.2,4,1,58,47,5,86,36,32,3,11,8,72.7,4,80.0,CONCACAF,Round of 16,3,1,0,1,0.8,11.6,1.6,0.6,72.72727272727273,0.02727272727273089,0,0
Morocco,6,6.3,26.0,59.0,10,9,7,0,69,26,37.7,10.89,4.11,7,0,74,90,9,83,40,61,6,20,14,70.0,2,33.3,CAF,Quarter-finals,4,1,1,0,1.1111111111111112,11.746031746031747,2.2222222222222223,0.9523809523809524,70.0,0.0,0,0
Netherlands,4,4.3,27.2,53.3,10,10,3,0,46,22,47.8,10.62,5.08,3,0,44,43,8,74,36,27,5,21,16,76.2,0,0.0,UEFA,Round of 32,2,1,0,0,0.6976744186046512,10.232558139534884,3.7209302325581395,1.1627906976744187,76.19047619047619,-0.009523809523813043,0,1
New Zealand,3,3.0,28.1,47.0,4,3,4,0,31,15,48.4,10.33,5.0,4,0,32,24,4,44,24,21,10,21,11,52.4,0,0.0,OFC,Group stage,1,0,0,0,1.3333333333333333,10.666666666666666,3.6666666666666665,3.3333333333333335,52.38095238095239,-0.019047619047611875,0,0
Norway,6,6.3,27.1,52.2,12,10,3,0,66,29,43.9,10.42,4.58,3,0,58,41,5,78,44,67,11,31,20,64.5,0,0.0,UEFA,Quarter-finals,4,1,1,0,0.4761904761904762,9.206349206349207,3.174603174603175,1.746031746031746,64.51612903225806,0.016129032258064058,0,1
Panama,3,3.0,28.8,45.7,0,0,5,0,32,7,21.9,10.67,2.33,5,0,46,33,6,59,15,27,4,11,7,63.6,0,0.0,CONCACAF,Group stage,1,0,0,0,1.6666666666666667,15.333333333333334,2.3333333333333335,1.3333333333333333,63.63636363636363,0.03636363636363171,0,0
Paraguay,5,5.3,28.0,30.0,3,3,9,1,35,8,22.9,6.56,1.5,9,1,66,60,5,43,53,88,6,29,23,79.3,2,40.0,CONMEBOL,Round of 16,3,1,0,0,1.6981132075471699,12.452830188679245,4.339622641509434,1.1320754716981132,79.3103448275862,0.010344827586209249,0,0
Portugal,5,5.0,27.7,58.4,7,4,7,0,62,17,27.4,12.4,3.4,7,0,44,60,10,92,30,39,3,22,19,86.4,2,40.0,UEFA,Round of 16,3,1,0,0,1.4,8.8,3.8,0.6,86.36363636363636,-0.036363636363645924,0,1
Qatar,3,3.0,29.7,33.0,2,2,4,2,18,7,38.9,6.0,2.33,4,2,36,28,4,28,25,24,10,22,12,54.5,0,0.0,AFC,Group stage,1,0,0,0,1.3333333333333333,12.0,4.0,3.3333333333333335,54.54545454545454,0.04545454545453964,0,0
Saudi Arabia,3,3.0,28.6,38.3,1,0,6,0,17,7,41.2,5.67,2.33,6,0,29,26,3,22,29,36,5,21,16,76.2,1,33.3,AFC,Group stage,1,0,0,0,2.0,9.666666666666666,5.333333333333333,1.6666666666666667,76.19047619047619,-0.009523809523813043,0,0
Scotland,3,3.0,29.1,44.3,1,0,5,0,29,7,24.1,9.67,2.33,5,0,42,39,2,50,17,25,4,12,8,66.7,1,33.3,UEFA,Group stage,1,0,0,0,1.6666666666666667,14.0,2.6666666666666665,1.3333333333333333,66.66666666666666,-0.03333333333334565,0,1
Senegal,4,4.3,28.5,55.3,10,9,3,0,69,23,33.3,15.92,5.31,3,0,36,48,10,79,31,29,9,21,12,57.1,1,25.0,CAF,Round of 32,2,1,0,0,0.6976744186046512,8.372093023255815,2.7906976744186047,2.0930232558139537,57.14285714285714,0.042857142857137376,0,0
South Africa,4,4.0,26.7,48.0,2,1,5,2,39,11,28.2,9.75,2.75,5,2,38,46,8,41,47,38,4,15,11,73.3,1,25.0,CAF,Round of 32,2,1,0,0,1.25,9.5,2.75,1.0,73.33333333333333,0.03333333333333144,0,0
Spain,8,8.3,26.3,64.1,13,10,6,0,140,54,38.6,16.8,6.48,6,0,101,89,21,165,64,88,1,11,9,90.9,7,87.5,UEFA,Final,7,1,1,0,0.7228915662650601,12.16867469879518,1.0843373493975903,0.12048192771084336,81.81818181818183,-9.081818181818178,1,1
Sweden,4,4.0,26.7,46.3,7,6,5,0,48,23,47.9,12.0,5.75,5,0,43,49,9,59,31,30,10,24,14,58.3,0,0.0,UEFA,Round of 32,2,1,0,0,1.25,10.75,3.5,2.5,58.333333333333336,0.033333333333338544,0,1
Switzerland,6,6.7,29.4,54.0,10,6,8,1,74,30,40.5,11.1,4.5,8,1,87,89,13,111,52,52,6,26,20,76.9,2,33.3,UEFA,Quarter-finals,4,1,1,0,1.1940298507462686,12.985074626865671,2.9850746268656714,0.8955223880597015,76.92307692307693,0.023076923076928324,0,1
Tunisia,3,3.0,27.4,39.3,2,2,1,0,18,6,33.3,6.0,2.0,1,0,27,32,9,36,27,36,12,18,6,33.3,0,0.0,CAF,Group stage,1,0,0,0,0.3333333333333333,9.0,2.0,4.0,33.33333333333333,0.03333333333333144,0,0
Türkiye,3,3.0,26.6,66.3,3,3,2,0,71,16,22.5,23.67,5.33,2,0,31,38,7,79,18,39,5,13,8,61.5,0,0.0,UEFA,Group stage,1,0,0,0,0.6666666666666666,10.333333333333334,2.6666666666666665,1.6666666666666667,61.53846153846154,0.0384615384615401,0,1
Uruguay,3,3.0,28.6,55.0,3,1,5,1,49,13,26.5,16.33,4.33,5,1,31,29,14,92,32,25,4,8,4,50.0,0,0.0,CONMEBOL,Group stage,1,0,0,0,1.6666666666666667,10.333333333333334,1.3333333333333333,1.3333333333333333,50.0,0.0,0,0
USA,5,5.0,26.7,56.8,9,4,7,1,59,19,32.2,11.8,3.8,7,1,56,66,11,74,60,42,8,16,8,50.0,2,40.0,CONCACAF,Round of 16,3,1,0,1,1.4,11.2,1.6,1.6,50.0,0.0,0,0
Uzbekistan,3,3.0,26.9,38.3,2,1,4,0,18,5,27.8,6.0,1.67,4,0,45,29,3,37,33,39,11,17,6,35.3,0,0.0,AFC,Group stage,1,0,0,0,1.3333333333333333,15.0,2.0,3.6666666666666665,35.294117647058826,-0.005882352941171121,0,0
